Hidden Dim,Learning Rate,Minibatch Size,Epochs
10,0.01,16,200
Best Val Loss,0.9273267538037908

Epoch,Training Loss,Training Accuracy,Validation Loss,Validation Accuracy,Best
1,2.525688648223877,0.48075,1.0863727778892132,0.54125,
2,1.211912989616394,0.506875,1.1409694880583139,0.5,
3,1.1853435039520264,0.502125,0.9300214802660048,0.54875,
4,1.087449073791504,0.5145,1.5378972097488985,0.31375,
5,1.132442831993103,0.500875,1.6581146268349811,0.46125,
6,1.1203926801681519,0.51025,0.9273267538037908,0.55125,*
7,1.0713845491409302,0.508875,1.0024217257241252,0.48,
8,1.1211793422698975,0.505375,1.0043255268574285,0.55375,
9,2.4939663410186768,0.471375,1.2957809604111798,0.44625,
